pinery-bushfire_00000022_pre_disaster.png,adelaide_1.tif
pinery-bushfire_00000029_pre_disaster.png,adelaide_2.tif
pinery-bushfire_00000062_pre_disaster.png,adelaide_3.tif
pinery-bushfire_00000089_pre_disaster.png,adelaide_4.tif
pinery-bushfire_00000102_pre_disaster.png,adelaide_5.tif
pinery-bushfire_00000127_pre_disaster.png,adelaide_6.tif
pinery-bushfire_00000140_pre_disaster.png,adelaide_7.tif
pinery-bushfire_00000182_pre_disaster.png,adelaide_8.tif
pinery-bushfire_00000193_pre_disaster.png,adelaide_9.tif
pinery-bushfire_00000251_pre_disaster.png,adelaide_10.tif
pinery-bushfire_00000261_pre_disaster.png,adelaide_11.tif
pinery-bushfire_00000297_pre_disaster.png,adelaide_12.tif
pinery-bushfire_00000327_pre_disaster.png,adelaide_13.tif
pinery-bushfire_00000378_pre_disaster.png,adelaide_14.tif
pinery-bushfire_00000392_pre_disaster.png,adelaide_15.tif
pinery-bushfire_00000397_pre_disaster.png,adelaide_16.tif
pinery-bushfire_00000478_pre_disaster.png,adelaide_17.tif
pinery-bushfire_00000480_pre_disaster.png,adelaide_18.tif
pinery-bushfire_00000483_pre_disaster.png,adelaide_19.tif
pinery-bushfire_00000484_pre_disaster.png,adelaide_20.tif
pinery-bushfire_00000494_pre_disaster.png,adelaide_21.tif
pinery-bushfire_00000498_pre_disaster.png,adelaide_22.tif
pinery-bushfire_00000501_pre_disaster.png,adelaide_23.tif
pinery-bushfire_00000515_pre_disaster.png,adelaide_24.tif
pinery-bushfire_00000517_pre_disaster.png,adelaide_25.tif
pinery-bushfire_00000539_pre_disaster.png,adelaide_26.tif
pinery-bushfire_00000542_pre_disaster.png,adelaide_27.tif
pinery-bushfire_00000572_pre_disaster.png,adelaide_28.tif
pinery-bushfire_00000580_pre_disaster.png,adelaide_29.tif
pinery-bushfire_00000592_pre_disaster.png,adelaide_30.tif
pinery-bushfire_00000606_pre_disaster.png,adelaide_31.tif
pinery-bushfire_00000634_pre_disaster.png,adelaide_32.tif
pinery-bushfire_00000639_pre_disaster.png,adelaide_33.tif
pinery-bushfire_00000669_pre_disaster.png,adelaide_34.tif
pinery-bushfire_00000670_pre_disaster.png,adelaide_35.tif
pinery-bushfire_00000675_pre_disaster.png,adelaide_36.tif
pinery-bushfire_00000690_pre_disaster.png,adelaide_37.tif
pinery-bushfire_00000707_pre_disaster.png,adelaide_38.tif
pinery-bushfire_00000741_pre_disaster.png,adelaide_39.tif
pinery-bushfire_00000749_pre_disaster.png,adelaide_40.tif
pinery-bushfire_00000754_pre_disaster.png,adelaide_41.tif
pinery-bushfire_00000782_pre_disaster.png,adelaide_42.tif
pinery-bushfire_00000797_pre_disaster.png,adelaide_43.tif
pinery-bushfire_00000832_pre_disaster.png,adelaide_44.tif
pinery-bushfire_00000837_pre_disaster.png,adelaide_45.tif
pinery-bushfire_00000846_pre_disaster.png,adelaide_46.tif
pinery-bushfire_00000847_pre_disaster.png,adelaide_47.tif
pinery-bushfire_00000852_pre_disaster.png,adelaide_48.tif
pinery-bushfire_00000867_pre_disaster.png,adelaide_49.tif
pinery-bushfire_00000899_pre_disaster.png,adelaide_50.tif
pinery-bushfire_00000921_pre_disaster.png,adelaide_51.tif
pinery-bushfire_00000943_pre_disaster.png,adelaide_52.tif
pinery-bushfire_00000947_pre_disaster.png,adelaide_53.tif
pinery-bushfire_00000975_pre_disaster.png,adelaide_54.tif
pinery-bushfire_00001038_pre_disaster.png,adelaide_55.tif
pinery-bushfire_00001122_pre_disaster.png,adelaide_56.tif
pinery-bushfire_00001184_pre_disaster.png,adelaide_57.tif
pinery-bushfire_00001289_pre_disaster.png,adelaide_58.tif
pinery-bushfire_00001315_pre_disaster.png,adelaide_59.tif
pinery-bushfire_00001329_pre_disaster.png,adelaide_60.tif
pinery-bushfire_00001337_pre_disaster.png,adelaide_61.tif
pinery-bushfire_00001434_pre_disaster.png,adelaide_62.tif
pinery-bushfire_00001445_pre_disaster.png,adelaide_63.tif
pinery-bushfire_00001519_pre_disaster.png,adelaide_64.tif
pinery-bushfire_00001528_pre_disaster.png,adelaide_65.tif
pinery-bushfire_00001534_pre_disaster.png,adelaide_66.tif
pinery-bushfire_00001610_pre_disaster.png,adelaide_67.tif
pinery-bushfire_00001698_pre_disaster.png,adelaide_68.tif
pinery-bushfire_00001792_pre_disaster.png,adelaide_69.tif
pinery-bushfire_00001802_pre_disaster.png,adelaide_70.tif
guatemala-volcano_00000000_pre_disaster.png,el_rodeo_1.tif
guatemala-volcano_00000001_pre_disaster.png,el_rodeo_2.tif
guatemala-volcano_00000002_pre_disaster.png,el_rodeo_3.tif
guatemala-volcano_00000003_pre_disaster.png,el_rodeo_4.tif
guatemala-volcano_00000006_pre_disaster.png,el_rodeo_5.tif
guatemala-volcano_00000007_pre_disaster.png,el_rodeo_6.tif
guatemala-volcano_00000008_pre_disaster.png,el_rodeo_7.tif
guatemala-volcano_00000009_pre_disaster.png,el_rodeo_8.tif
guatemala-volcano_00000012_pre_disaster.png,el_rodeo_9.tif
guatemala-volcano_00000015_pre_disaster.png,el_rodeo_10.tif
guatemala-volcano_00000016_pre_disaster.png,el_rodeo_11.tif
guatemala-volcano_00000017_pre_disaster.png,el_rodeo_12.tif
guatemala-volcano_00000018_pre_disaster.png,el_rodeo_13.tif
guatemala-volcano_00000019_pre_disaster.png,el_rodeo_14.tif
guatemala-volcano_00000020_pre_disaster.png,el_rodeo_15.tif
guatemala-volcano_00000021_pre_disaster.png,el_rodeo_16.tif
guatemala-volcano_00000022_pre_disaster.png,el_rodeo_17.tif
guatemala-volcano_00000023_pre_disaster.png,el_rodeo_18.tif
guatemala-volcano_00000024_pre_disaster.png,el_rodeo_19.tif
guatemala-volcano_00000025_pre_disaster.png,el_rodeo_20.tif
guatemala-volcano_00000026_pre_disaster.png,el_rodeo_21.tif
guatemala-volcano_00000027_pre_disaster.png,el_rodeo_22.tif
nepal-flooding_00000025_pre_disaster.png,gorakhpur_1.tif
nepal-flooding_00000028_pre_disaster.png,gorakhpur_2.tif
nepal-flooding_00000035_pre_disaster.png,gorakhpur_3.tif
nepal-flooding_00000047_pre_disaster.png,gorakhpur_4.tif
nepal-flooding_00000051_pre_disaster.png,gorakhpur_5.tif
nepal-flooding_00000056_pre_disaster.png,gorakhpur_6.tif
nepal-flooding_00000058_pre_disaster.png,gorakhpur_7.tif
nepal-flooding_00000059_pre_disaster.png,gorakhpur_8.tif
nepal-flooding_00000068_pre_disaster.png,gorakhpur_9.tif
nepal-flooding_00000070_pre_disaster.png,gorakhpur_10.tif
nepal-flooding_00000073_pre_disaster.png,gorakhpur_11.tif
nepal-flooding_00000132_pre_disaster.png,gorakhpur_12.tif
nepal-flooding_00000147_pre_disaster.png,gorakhpur_13.tif
nepal-flooding_00000149_pre_disaster.png,gorakhpur_14.tif
nepal-flooding_00000157_pre_disaster.png,gorakhpur_15.tif
nepal-flooding_00000170_pre_disaster.png,gorakhpur_16.tif
nepal-flooding_00000173_pre_disaster.png,gorakhpur_17.tif
nepal-flooding_00000193_pre_disaster.png,gorakhpur_18.tif
nepal-flooding_00000200_pre_disaster.png,gorakhpur_19.tif
nepal-flooding_00000201_pre_disaster.png,gorakhpur_20.tif
nepal-flooding_00000202_pre_disaster.png,gorakhpur_21.tif
nepal-flooding_00000204_pre_disaster.png,gorakhpur_22.tif
nepal-flooding_00000209_pre_disaster.png,gorakhpur_23.tif
nepal-flooding_00000210_pre_disaster.png,gorakhpur_24.tif
nepal-flooding_00000211_pre_disaster.png,gorakhpur_25.tif
nepal-flooding_00000218_pre_disaster.png,gorakhpur_26.tif
nepal-flooding_00000222_pre_disaster.png,gorakhpur_27.tif
nepal-flooding_00000225_pre_disaster.png,gorakhpur_28.tif
nepal-flooding_00000269_pre_disaster.png,gorakhpur_29.tif
nepal-flooding_00000279_pre_disaster.png,gorakhpur_30.tif
nepal-flooding_00000280_pre_disaster.png,gorakhpur_31.tif
nepal-flooding_00000329_pre_disaster.png,gorakhpur_32.tif
nepal-flooding_00000352_pre_disaster.png,gorakhpur_33.tif
nepal-flooding_00000377_pre_disaster.png,gorakhpur_34.tif
nepal-flooding_00000381_pre_disaster.png,gorakhpur_35.tif
nepal-flooding_00000382_pre_disaster.png,gorakhpur_36.tif
nepal-flooding_00000396_pre_disaster.png,gorakhpur_37.tif
nepal-flooding_00000412_pre_disaster.png,gorakhpur_38.tif
nepal-flooding_00000414_pre_disaster.png,gorakhpur_39.tif
nepal-flooding_00000417_pre_disaster.png,gorakhpur_40.tif
nepal-flooding_00000422_pre_disaster.png,gorakhpur_41.tif
nepal-flooding_00000425_pre_disaster.png,gorakhpur_42.tif
nepal-flooding_00000428_pre_disaster.png,gorakhpur_43.tif
nepal-flooding_00000437_pre_disaster.png,gorakhpur_44.tif
nepal-flooding_00000445_pre_disaster.png,gorakhpur_45.tif
nepal-flooding_00000451_pre_disaster.png,gorakhpur_46.tif
nepal-flooding_00000457_pre_disaster.png,gorakhpur_47.tif
nepal-flooding_00000460_pre_disaster.png,gorakhpur_48.tif
nepal-flooding_00000476_pre_disaster.png,gorakhpur_49.tif
nepal-flooding_00000479_pre_disaster.png,gorakhpur_50.tif
nepal-flooding_00000484_pre_disaster.png,gorakhpur_51.tif
nepal-flooding_00000488_pre_disaster.png,gorakhpur_52.tif
nepal-flooding_00000504_pre_disaster.png,gorakhpur_53.tif
nepal-flooding_00000509_pre_disaster.png,gorakhpur_54.tif
nepal-flooding_00000512_pre_disaster.png,gorakhpur_55.tif
nepal-flooding_00000515_pre_disaster.png,gorakhpur_56.tif
nepal-flooding_00000517_pre_disaster.png,gorakhpur_57.tif
nepal-flooding_00000531_pre_disaster.png,gorakhpur_58.tif
nepal-flooding_00000547_pre_disaster.png,gorakhpur_59.tif
nepal-flooding_00000554_pre_disaster.png,gorakhpur_60.tif
nepal-flooding_00000564_pre_disaster.png,gorakhpur_61.tif
nepal-flooding_00000567_pre_disaster.png,gorakhpur_62.tif
nepal-flooding_00000569_pre_disaster.png,gorakhpur_63.tif
nepal-flooding_00000576_pre_disaster.png,gorakhpur_64.tif
nepal-flooding_00000595_pre_disaster.png,gorakhpur_65.tif
nepal-flooding_00000602_pre_disaster.png,gorakhpur_66.tif
nepal-flooding_00000608_pre_disaster.png,gorakhpur_67.tif
nepal-flooding_00000610_pre_disaster.png,gorakhpur_68.tif
nepal-flooding_00000611_pre_disaster.png,gorakhpur_69.tif
nepal-flooding_00000617_pre_disaster.png,gorakhpur_70.tif
hurricane-harvey_00000008_pre_disaster.png,houston_1.tif
hurricane-harvey_00000010_pre_disaster.png,houston_2.tif
hurricane-harvey_00000012_pre_disaster.png,houston_3.tif
hurricane-harvey_00000013_pre_disaster.png,houston_4.tif
hurricane-harvey_00000014_pre_disaster.png,houston_5.tif
hurricane-harvey_00000017_pre_disaster.png,houston_6.tif
hurricane-harvey_00000023_pre_disaster.png,houston_7.tif
hurricane-harvey_00000024_pre_disaster.png,houston_8.tif
hurricane-harvey_00000031_pre_disaster.png,houston_9.tif
hurricane-harvey_00000092_pre_disaster.png,houston_10.tif
hurricane-harvey_00000095_pre_disaster.png,houston_11.tif
hurricane-harvey_00000109_pre_disaster.png,houston_12.tif
hurricane-harvey_00000126_pre_disaster.png,houston_13.tif
hurricane-harvey_00000127_pre_disaster.png,houston_14.tif
hurricane-harvey_00000131_pre_disaster.png,houston_15.tif
hurricane-harvey_00000135_pre_disaster.png,houston_16.tif
hurricane-harvey_00000138_pre_disaster.png,houston_17.tif
hurricane-harvey_00000139_pre_disaster.png,houston_18.tif
hurricane-harvey_00000163_pre_disaster.png,houston_19.tif
hurricane-harvey_00000169_pre_disaster.png,houston_20.tif
hurricane-harvey_00000188_pre_disaster.png,houston_21.tif
hurricane-harvey_00000201_pre_disaster.png,houston_22.tif
hurricane-harvey_00000214_pre_disaster.png,houston_23.tif
hurricane-harvey_00000231_pre_disaster.png,houston_24.tif
hurricane-harvey_00000290_pre_disaster.png,houston_25.tif
hurricane-harvey_00000296_pre_disaster.png,houston_26.tif
hurricane-harvey_00000303_pre_disaster.png,houston_27.tif
hurricane-harvey_00000350_pre_disaster.png,houston_28.tif
hurricane-harvey_00000352_pre_disaster.png,houston_29.tif
hurricane-harvey_00000356_pre_disaster.png,houston_30.tif
hurricane-harvey_00000367_pre_disaster.png,houston_31.tif
hurricane-harvey_00000370_pre_disaster.png,houston_32.tif
hurricane-harvey_00000375_pre_disaster.png,houston_33.tif
hurricane-harvey_00000376_pre_disaster.png,houston_34.tif
hurricane-harvey_00000392_pre_disaster.png,houston_35.tif
hurricane-harvey_00000400_pre_disaster.png,houston_36.tif
hurricane-harvey_00000402_pre_disaster.png,houston_37.tif
hurricane-harvey_00000405_pre_disaster.png,houston_38.tif
hurricane-harvey_00000409_pre_disaster.png,houston_39.tif
hurricane-harvey_00000412_pre_disaster.png,houston_40.tif
hurricane-harvey_00000416_pre_disaster.png,houston_41.tif
hurricane-harvey_00000435_pre_disaster.png,houston_42.tif
hurricane-harvey_00000444_pre_disaster.png,houston_43.tif
hurricane-harvey_00000448_pre_disaster.png,houston_44.tif
hurricane-harvey_00000465_pre_disaster.png,houston_45.tif
hurricane-harvey_00000469_pre_disaster.png,houston_46.tif
hurricane-harvey_00000470_pre_disaster.png,houston_47.tif
hurricane-harvey_00000480_pre_disaster.png,houston_48.tif
hurricane-harvey_00000493_pre_disaster.png,houston_49.tif
hurricane-harvey_00000515_pre_disaster.png,houston_50.tif
hurricane-matthew_00000124_pre_disaster.png,jeremie_1.tif
hurricane-matthew_00000126_pre_disaster.png,jeremie_2.tif
hurricane-matthew_00000131_pre_disaster.png,jeremie_3.tif
hurricane-matthew_00000150_pre_disaster.png,jeremie_4.tif
hurricane-matthew_00000153_pre_disaster.png,jeremie_5.tif
hurricane-matthew_00000160_pre_disaster.png,jeremie_6.tif
hurricane-matthew_00000161_pre_disaster.png,jeremie_7.tif
hurricane-matthew_00000164_pre_disaster.png,jeremie_8.tif
hurricane-matthew_00000167_pre_disaster.png,jeremie_9.tif
hurricane-matthew_00000170_pre_disaster.png,jeremie_10.tif
hurricane-matthew_00000174_pre_disaster.png,jeremie_11.tif
hurricane-matthew_00000176_pre_disaster.png,jeremie_12.tif
hurricane-matthew_00000177_pre_disaster.png,jeremie_13.tif
hurricane-matthew_00000178_pre_disaster.png,jeremie_14.tif
hurricane-matthew_00000180_pre_disaster.png,jeremie_15.tif
hurricane-matthew_00000182_pre_disaster.png,jeremie_16.tif
hurricane-matthew_00000186_pre_disaster.png,jeremie_17.tif
hurricane-matthew_00000189_pre_disaster.png,jeremie_18.tif
hurricane-matthew_00000197_pre_disaster.png,jeremie_19.tif
hurricane-matthew_00000206_pre_disaster.png,jeremie_20.tif
hurricane-matthew_00000207_pre_disaster.png,jeremie_21.tif
hurricane-matthew_00000211_pre_disaster.png,jeremie_22.tif
hurricane-matthew_00000213_pre_disaster.png,jeremie_23.tif
hurricane-matthew_00000216_pre_disaster.png,jeremie_24.tif
hurricane-matthew_00000219_pre_disaster.png,jeremie_25.tif
hurricane-matthew_00000221_pre_disaster.png,jeremie_26.tif
hurricane-matthew_00000222_pre_disaster.png,jeremie_27.tif
hurricane-matthew_00000225_pre_disaster.png,jeremie_28.tif
hurricane-matthew_00000229_pre_disaster.png,jeremie_29.tif
hurricane-matthew_00000233_pre_disaster.png,jeremie_30.tif
hurricane-matthew_00000236_pre_disaster.png,jeremie_31.tif
hurricane-matthew_00000238_pre_disaster.png,jeremie_32.tif
hurricane-matthew_00000240_pre_disaster.png,jeremie_33.tif
hurricane-matthew_00000244_pre_disaster.png,jeremie_34.tif
hurricane-matthew_00000245_pre_disaster.png,jeremie_35.tif
hurricane-matthew_00000248_pre_disaster.png,jeremie_36.tif
hurricane-matthew_00000249_pre_disaster.png,jeremie_37.tif
hurricane-matthew_00000254_pre_disaster.png,jeremie_38.tif
hurricane-matthew_00000255_pre_disaster.png,jeremie_39.tif
hurricane-matthew_00000257_pre_disaster.png,jeremie_40.tif
hurricane-matthew_00000262_pre_disaster.png,jeremie_41.tif
hurricane-matthew_00000264_pre_disaster.png,jeremie_42.tif
hurricane-matthew_00000265_pre_disaster.png,jeremie_43.tif
hurricane-matthew_00000269_pre_disaster.png,jeremie_44.tif
hurricane-matthew_00000278_pre_disaster.png,jeremie_45.tif
hurricane-matthew_00000279_pre_disaster.png,jeremie_46.tif
hurricane-matthew_00000280_pre_disaster.png,jeremie_47.tif
hurricane-matthew_00000286_pre_disaster.png,jeremie_48.tif
hurricane-matthew_00000288_pre_disaster.png,jeremie_49.tif
hurricane-matthew_00000289_pre_disaster.png,jeremie_50.tif
hurricane-matthew_00000291_pre_disaster.png,jeremie_51.tif
hurricane-matthew_00000292_pre_disaster.png,jeremie_52.tif
hurricane-matthew_00000296_pre_disaster.png,jeremie_53.tif
hurricane-matthew_00000300_pre_disaster.png,jeremie_54.tif
hurricane-matthew_00000332_pre_disaster.png,jeremie_55.tif
hurricane-matthew_00000338_pre_disaster.png,jeremie_56.tif
hurricane-matthew_00000339_pre_disaster.png,jeremie_57.tif
hurricane-matthew_00000344_pre_disaster.png,jeremie_58.tif
hurricane-matthew_00000345_pre_disaster.png,jeremie_59.tif
hurricane-matthew_00000351_pre_disaster.png,jeremie_60.tif
hurricane-matthew_00000355_pre_disaster.png,jeremie_61.tif
hurricane-matthew_00000368_pre_disaster.png,jeremie_62.tif
hurricane-matthew_00000372_pre_disaster.png,jeremie_63.tif
hurricane-matthew_00000380_pre_disaster.png,jeremie_64.tif
hurricane-matthew_00000383_pre_disaster.png,jeremie_65.tif
hurricane-matthew_00000385_pre_disaster.png,jeremie_66.tif
hurricane-matthew_00000395_pre_disaster.png,jeremie_67.tif
hurricane-matthew_00000399_pre_disaster.png,jeremie_68.tif
hurricane-matthew_00000400_pre_disaster.png,jeremie_69.tif
hurricane-matthew_00000401_pre_disaster.png,jeremie_70.tif
joplin-tornado_00000004_pre_disaster.png,joplin_1.tif
joplin-tornado_00000012_pre_disaster.png,joplin_2.tif
joplin-tornado_00000015_pre_disaster.png,joplin_3.tif
joplin-tornado_00000017_pre_disaster.png,joplin_4.tif
joplin-tornado_00000019_pre_disaster.png,joplin_5.tif
joplin-tornado_00000020_pre_disaster.png,joplin_6.tif
joplin-tornado_00000021_pre_disaster.png,joplin_7.tif
joplin-tornado_00000025_pre_disaster.png,joplin_8.tif
joplin-tornado_00000030_pre_disaster.png,joplin_9.tif
joplin-tornado_00000041_pre_disaster.png,joplin_10.tif
joplin-tornado_00000047_pre_disaster.png,joplin_11.tif
joplin-tornado_00000049_pre_disaster.png,joplin_12.tif
joplin-tornado_00000050_pre_disaster.png,joplin_13.tif
joplin-tornado_00000051_pre_disaster.png,joplin_14.tif
joplin-tornado_00000055_pre_disaster.png,joplin_15.tif
joplin-tornado_00000061_pre_disaster.png,joplin_16.tif
joplin-tornado_00000062_pre_disaster.png,joplin_17.tif
joplin-tornado_00000063_pre_disaster.png,joplin_18.tif
joplin-tornado_00000065_pre_disaster.png,joplin_19.tif
joplin-tornado_00000066_pre_disaster.png,joplin_20.tif
joplin-tornado_00000067_pre_disaster.png,joplin_21.tif
joplin-tornado_00000069_pre_disaster.png,joplin_22.tif
joplin-tornado_00000072_pre_disaster.png,joplin_23.tif
joplin-tornado_00000074_pre_disaster.png,joplin_24.tif
joplin-tornado_00000076_pre_disaster.png,joplin_25.tif
joplin-tornado_00000077_pre_disaster.png,joplin_26.tif
joplin-tornado_00000079_pre_disaster.png,joplin_27.tif
joplin-tornado_00000080_pre_disaster.png,joplin_28.tif
joplin-tornado_00000082_pre_disaster.png,joplin_29.tif
joplin-tornado_00000085_pre_disaster.png,joplin_30.tif
joplin-tornado_00000087_pre_disaster.png,joplin_31.tif
joplin-tornado_00000088_pre_disaster.png,joplin_32.tif
joplin-tornado_00000094_pre_disaster.png,joplin_33.tif
joplin-tornado_00000096_pre_disaster.png,joplin_34.tif
joplin-tornado_00000097_pre_disaster.png,joplin_35.tif
joplin-tornado_00000099_pre_disaster.png,joplin_36.tif
joplin-tornado_00000107_pre_disaster.png,joplin_37.tif
joplin-tornado_00000110_pre_disaster.png,joplin_38.tif
joplin-tornado_00000111_pre_disaster.png,joplin_39.tif
joplin-tornado_00000118_pre_disaster.png,joplin_40.tif
joplin-tornado_00000120_pre_disaster.png,joplin_41.tif
joplin-tornado_00000121_pre_disaster.png,joplin_42.tif
joplin-tornado_00000122_pre_disaster.png,joplin_43.tif
joplin-tornado_00000125_pre_disaster.png,joplin_44.tif
joplin-tornado_00000128_pre_disaster.png,joplin_45.tif
joplin-tornado_00000133_pre_disaster.png,joplin_46.tif
joplin-tornado_00000143_pre_disaster.png,joplin_47.tif
joplin-tornado_00000144_pre_disaster.png,joplin_48.tif
joplin-tornado_00000146_pre_disaster.png,joplin_49.tif
joplin-tornado_00000148_pre_disaster.png,joplin_50.tif
sunda-tsunami_00000001_pre_disaster.png,labuhan_1.tif
sunda-tsunami_00000002_pre_disaster.png,labuhan_2.tif
sunda-tsunami_00000004_pre_disaster.png,labuhan_3.tif
sunda-tsunami_00000006_pre_disaster.png,labuhan_4.tif
sunda-tsunami_00000007_pre_disaster.png,labuhan_5.tif
sunda-tsunami_00000009_pre_disaster.png,labuhan_6.tif
sunda-tsunami_00000010_pre_disaster.png,labuhan_7.tif
sunda-tsunami_00000011_pre_disaster.png,labuhan_8.tif
sunda-tsunami_00000012_pre_disaster.png,labuhan_9.tif
sunda-tsunami_00000013_pre_disaster.png,labuhan_10.tif
sunda-tsunami_00000015_pre_disaster.png,labuhan_11.tif
sunda-tsunami_00000016_pre_disaster.png,labuhan_12.tif
sunda-tsunami_00000017_pre_disaster.png,labuhan_13.tif
sunda-tsunami_00000018_pre_disaster.png,labuhan_14.tif
sunda-tsunami_00000019_pre_disaster.png,labuhan_15.tif
sunda-tsunami_00000020_pre_disaster.png,labuhan_16.tif
sunda-tsunami_00000022_pre_disaster.png,labuhan_17.tif
sunda-tsunami_00000023_pre_disaster.png,labuhan_18.tif
sunda-tsunami_00000024_pre_disaster.png,labuhan_19.tif
sunda-tsunami_00000025_pre_disaster.png,labuhan_20.tif
sunda-tsunami_00000026_pre_disaster.png,labuhan_21.tif
sunda-tsunami_00000027_pre_disaster.png,labuhan_22.tif
sunda-tsunami_00000029_pre_disaster.png,labuhan_23.tif
sunda-tsunami_00000031_pre_disaster.png,labuhan_24.tif
sunda-tsunami_00000032_pre_disaster.png,labuhan_25.tif
sunda-tsunami_00000033_pre_disaster.png,labuhan_26.tif
sunda-tsunami_00000035_pre_disaster.png,labuhan_27.tif
sunda-tsunami_00000038_pre_disaster.png,labuhan_28.tif
sunda-tsunami_00000041_pre_disaster.png,labuhan_29.tif
sunda-tsunami_00000043_pre_disaster.png,labuhan_30.tif
sunda-tsunami_00000046_pre_disaster.png,labuhan_31.tif
sunda-tsunami_00000049_pre_disaster.png,labuhan_32.tif
sunda-tsunami_00000051_pre_disaster.png,labuhan_33.tif
sunda-tsunami_00000052_pre_disaster.png,labuhan_34.tif
sunda-tsunami_00000053_pre_disaster.png,labuhan_35.tif
sunda-tsunami_00000055_pre_disaster.png,labuhan_36.tif
sunda-tsunami_00000056_pre_disaster.png,labuhan_37.tif
sunda-tsunami_00000057_pre_disaster.png,labuhan_38.tif
sunda-tsunami_00000059_pre_disaster.png,labuhan_39.tif
sunda-tsunami_00000060_pre_disaster.png,labuhan_40.tif
sunda-tsunami_00000061_pre_disaster.png,labuhan_41.tif
sunda-tsunami_00000063_pre_disaster.png,labuhan_42.tif
sunda-tsunami_00000064_pre_disaster.png,labuhan_43.tif
sunda-tsunami_00000065_pre_disaster.png,labuhan_44.tif
sunda-tsunami_00000068_pre_disaster.png,labuhan_45.tif
sunda-tsunami_00000069_pre_disaster.png,labuhan_46.tif
sunda-tsunami_00000070_pre_disaster.png,labuhan_47.tif
sunda-tsunami_00000073_pre_disaster.png,labuhan_48.tif
sunda-tsunami_00000074_pre_disaster.png,labuhan_49.tif
sunda-tsunami_00000076_pre_disaster.png,labuhan_50.tif
sunda-tsunami_00000078_pre_disaster.png,labuhan_51.tif
sunda-tsunami_00000080_pre_disaster.png,labuhan_52.tif
sunda-tsunami_00000081_pre_disaster.png,labuhan_53.tif
sunda-tsunami_00000082_pre_disaster.png,labuhan_54.tif
sunda-tsunami_00000084_pre_disaster.png,labuhan_55.tif
sunda-tsunami_00000085_pre_disaster.png,labuhan_56.tif
sunda-tsunami_00000101_pre_disaster.png,labuhan_57.tif
sunda-tsunami_00000104_pre_disaster.png,labuhan_58.tif
sunda-tsunami_00000107_pre_disaster.png,labuhan_59.tif
sunda-tsunami_00000108_pre_disaster.png,labuhan_60.tif
sunda-tsunami_00000110_pre_disaster.png,labuhan_61.tif
sunda-tsunami_00000130_pre_disaster.png,labuhan_62.tif
sunda-tsunami_00000133_pre_disaster.png,labuhan_63.tif
sunda-tsunami_00000134_pre_disaster.png,labuhan_64.tif
sunda-tsunami_00000136_pre_disaster.png,labuhan_65.tif
sunda-tsunami_00000139_pre_disaster.png,labuhan_66.tif
sunda-tsunami_00000140_pre_disaster.png,labuhan_67.tif
sunda-tsunami_00000141_pre_disaster.png,labuhan_68.tif
sunda-tsunami_00000146_pre_disaster.png,labuhan_69.tif
sunda-tsunami_00000147_pre_disaster.png,labuhan_70.tif
lower-puna-volcano_00000009_pre_disaster.png,leilane_estates_1.tif
lower-puna-volcano_00000026_pre_disaster.png,leilane_estates_2.tif
lower-puna-volcano_00000030_pre_disaster.png,leilane_estates_3.tif
lower-puna-volcano_00000031_pre_disaster.png,leilane_estates_4.tif
lower-puna-volcano_00000039_pre_disaster.png,leilane_estates_5.tif
lower-puna-volcano_00000046_pre_disaster.png,leilane_estates_6.tif
lower-puna-volcano_00000051_pre_disaster.png,leilane_estates_7.tif
lower-puna-volcano_00000052_pre_disaster.png,leilane_estates_8.tif
lower-puna-volcano_00000059_pre_disaster.png,leilane_estates_9.tif
lower-puna-volcano_00000060_pre_disaster.png,leilane_estates_10.tif
lower-puna-volcano_00000066_pre_disaster.png,leilane_estates_11.tif
lower-puna-volcano_00000067_pre_disaster.png,leilane_estates_12.tif
lower-puna-volcano_00000070_pre_disaster.png,leilane_estates_13.tif
lower-puna-volcano_00000073_pre_disaster.png,leilane_estates_14.tif
lower-puna-volcano_00000079_pre_disaster.png,leilane_estates_15.tif
lower-puna-volcano_00000081_pre_disaster.png,leilane_estates_16.tif
lower-puna-volcano_00000082_pre_disaster.png,leilane_estates_17.tif
lower-puna-volcano_00000083_pre_disaster.png,leilane_estates_18.tif
lower-puna-volcano_00000089_pre_disaster.png,leilane_estates_19.tif
lower-puna-volcano_00000091_pre_disaster.png,leilane_estates_20.tif
lower-puna-volcano_00000093_pre_disaster.png,leilane_estates_21.tif
lower-puna-volcano_00000096_pre_disaster.png,leilane_estates_22.tif
lower-puna-volcano_00000101_pre_disaster.png,leilane_estates_23.tif
lower-puna-volcano_00000102_pre_disaster.png,leilane_estates_24.tif
lower-puna-volcano_00000109_pre_disaster.png,leilane_estates_25.tif
lower-puna-volcano_00000110_pre_disaster.png,leilane_estates_26.tif
lower-puna-volcano_00000113_pre_disaster.png,leilane_estates_27.tif
lower-puna-volcano_00000125_pre_disaster.png,leilane_estates_28.tif
lower-puna-volcano_00000129_pre_disaster.png,leilane_estates_29.tif
lower-puna-volcano_00000145_pre_disaster.png,leilane_estates_30.tif
lower-puna-volcano_00000146_pre_disaster.png,leilane_estates_31.tif
lower-puna-volcano_00000150_pre_disaster.png,leilane_estates_32.tif
lower-puna-volcano_00000151_pre_disaster.png,leilane_estates_33.tif
lower-puna-volcano_00000152_pre_disaster.png,leilane_estates_34.tif
lower-puna-volcano_00000153_pre_disaster.png,leilane_estates_35.tif
lower-puna-volcano_00000157_pre_disaster.png,leilane_estates_36.tif
lower-puna-volcano_00000160_pre_disaster.png,leilane_estates_37.tif
lower-puna-volcano_00000194_pre_disaster.png,leilane_estates_38.tif
lower-puna-volcano_00000196_pre_disaster.png,leilane_estates_39.tif
lower-puna-volcano_00000201_pre_disaster.png,leilane_estates_40.tif
lower-puna-volcano_00000210_pre_disaster.png,leilane_estates_41.tif
lower-puna-volcano_00000226_pre_disaster.png,leilane_estates_42.tif
lower-puna-volcano_00000232_pre_disaster.png,leilane_estates_43.tif
lower-puna-volcano_00000243_pre_disaster.png,leilane_estates_44.tif
lower-puna-volcano_00000249_pre_disaster.png,leilane_estates_45.tif
lower-puna-volcano_00000250_pre_disaster.png,leilane_estates_46.tif
lower-puna-volcano_00000262_pre_disaster.png,leilane_estates_47.tif
lower-puna-volcano_00000266_pre_disaster.png,leilane_estates_48.tif
lower-puna-volcano_00000268_pre_disaster.png,leilane_estates_49.tif
lower-puna-volcano_00000270_pre_disaster.png,leilane_estates_50.tif
hurricane-matthew_00000001_pre_disaster.png,les_cayes_1.tif
hurricane-matthew_00000003_pre_disaster.png,les_cayes_2.tif
hurricane-matthew_00000005_pre_disaster.png,les_cayes_3.tif
hurricane-matthew_00000009_pre_disaster.png,les_cayes_4.tif
hurricane-matthew_00000012_pre_disaster.png,les_cayes_5.tif
hurricane-matthew_00000015_pre_disaster.png,les_cayes_6.tif
hurricane-matthew_00000017_pre_disaster.png,les_cayes_7.tif
hurricane-matthew_00000018_pre_disaster.png,les_cayes_8.tif
hurricane-matthew_00000019_pre_disaster.png,les_cayes_9.tif
hurricane-matthew_00000021_pre_disaster.png,les_cayes_10.tif
hurricane-matthew_00000022_pre_disaster.png,les_cayes_11.tif
hurricane-matthew_00000023_pre_disaster.png,les_cayes_12.tif
hurricane-matthew_00000024_pre_disaster.png,les_cayes_13.tif
hurricane-matthew_00000026_pre_disaster.png,les_cayes_14.tif
hurricane-matthew_00000027_pre_disaster.png,les_cayes_15.tif
hurricane-matthew_00000028_pre_disaster.png,les_cayes_16.tif
hurricane-matthew_00000030_pre_disaster.png,les_cayes_17.tif
hurricane-matthew_00000031_pre_disaster.png,les_cayes_18.tif
hurricane-matthew_00000032_pre_disaster.png,les_cayes_19.tif
hurricane-matthew_00000033_pre_disaster.png,les_cayes_20.tif
hurricane-matthew_00000034_pre_disaster.png,les_cayes_21.tif
hurricane-matthew_00000035_pre_disaster.png,les_cayes_22.tif
hurricane-matthew_00000037_pre_disaster.png,les_cayes_23.tif
hurricane-matthew_00000038_pre_disaster.png,les_cayes_24.tif
hurricane-matthew_00000041_pre_disaster.png,les_cayes_25.tif
hurricane-matthew_00000044_pre_disaster.png,les_cayes_26.tif
hurricane-matthew_00000045_pre_disaster.png,les_cayes_27.tif
hurricane-matthew_00000046_pre_disaster.png,les_cayes_28.tif
hurricane-matthew_00000047_pre_disaster.png,les_cayes_29.tif
hurricane-matthew_00000048_pre_disaster.png,les_cayes_30.tif
hurricane-matthew_00000052_pre_disaster.png,les_cayes_31.tif
hurricane-matthew_00000053_pre_disaster.png,les_cayes_32.tif
hurricane-matthew_00000056_pre_disaster.png,les_cayes_33.tif
hurricane-matthew_00000057_pre_disaster.png,les_cayes_34.tif
hurricane-matthew_00000060_pre_disaster.png,les_cayes_35.tif
hurricane-matthew_00000061_pre_disaster.png,les_cayes_36.tif
hurricane-matthew_00000065_pre_disaster.png,les_cayes_37.tif
hurricane-matthew_00000068_pre_disaster.png,les_cayes_38.tif
hurricane-matthew_00000070_pre_disaster.png,les_cayes_39.tif
hurricane-matthew_00000071_pre_disaster.png,les_cayes_40.tif
hurricane-matthew_00000073_pre_disaster.png,les_cayes_41.tif
hurricane-matthew_00000074_pre_disaster.png,les_cayes_42.tif
hurricane-matthew_00000075_pre_disaster.png,les_cayes_43.tif
hurricane-matthew_00000076_pre_disaster.png,les_cayes_44.tif
hurricane-matthew_00000079_pre_disaster.png,les_cayes_45.tif
hurricane-matthew_00000080_pre_disaster.png,les_cayes_46.tif
hurricane-matthew_00000081_pre_disaster.png,les_cayes_47.tif
hurricane-matthew_00000082_pre_disaster.png,les_cayes_48.tif
hurricane-matthew_00000083_pre_disaster.png,les_cayes_49.tif
hurricane-matthew_00000086_pre_disaster.png,les_cayes_50.tif
hurricane-matthew_00000087_pre_disaster.png,les_cayes_51.tif
hurricane-matthew_00000088_pre_disaster.png,les_cayes_52.tif
hurricane-matthew_00000089_pre_disaster.png,les_cayes_53.tif
hurricane-matthew_00000090_pre_disaster.png,les_cayes_54.tif
hurricane-matthew_00000092_pre_disaster.png,les_cayes_55.tif
hurricane-matthew_00000095_pre_disaster.png,les_cayes_56.tif
hurricane-matthew_00000097_pre_disaster.png,les_cayes_57.tif
hurricane-matthew_00000098_pre_disaster.png,les_cayes_58.tif
hurricane-matthew_00000099_pre_disaster.png,les_cayes_59.tif
hurricane-matthew_00000101_pre_disaster.png,les_cayes_60.tif
hurricane-matthew_00000104_pre_disaster.png,les_cayes_61.tif
hurricane-matthew_00000105_pre_disaster.png,les_cayes_62.tif
hurricane-matthew_00000106_pre_disaster.png,les_cayes_63.tif
hurricane-matthew_00000120_pre_disaster.png,les_cayes_64.tif
hurricane-matthew_00000125_pre_disaster.png,les_cayes_65.tif
hurricane-matthew_00000130_pre_disaster.png,les_cayes_66.tif
hurricane-matthew_00000140_pre_disaster.png,les_cayes_67.tif
hurricane-matthew_00000142_pre_disaster.png,les_cayes_68.tif
hurricane-matthew_00000151_pre_disaster.png,les_cayes_69.tif
hurricane-matthew_00000156_pre_disaster.png,les_cayes_70.tif
midwest-flooding_00000000_pre_disaster.png,little_rock_1.tif
midwest-flooding_00000001_pre_disaster.png,little_rock_2.tif
midwest-flooding_00000003_pre_disaster.png,little_rock_3.tif
midwest-flooding_00000004_pre_disaster.png,little_rock_4.tif
midwest-flooding_00000007_pre_disaster.png,little_rock_5.tif
midwest-flooding_00000009_pre_disaster.png,little_rock_6.tif
midwest-flooding_00000015_pre_disaster.png,little_rock_7.tif
midwest-flooding_00000016_pre_disaster.png,little_rock_8.tif
midwest-flooding_00000019_pre_disaster.png,little_rock_9.tif
midwest-flooding_00000021_pre_disaster.png,little_rock_10.tif
midwest-flooding_00000022_pre_disaster.png,little_rock_11.tif
midwest-flooding_00000023_pre_disaster.png,little_rock_12.tif
midwest-flooding_00000024_pre_disaster.png,little_rock_13.tif
midwest-flooding_00000029_pre_disaster.png,little_rock_14.tif
midwest-flooding_00000031_pre_disaster.png,little_rock_15.tif
midwest-flooding_00000033_pre_disaster.png,little_rock_16.tif
midwest-flooding_00000036_pre_disaster.png,little_rock_17.tif
midwest-flooding_00000037_pre_disaster.png,little_rock_18.tif
midwest-flooding_00000039_pre_disaster.png,little_rock_19.tif
midwest-flooding_00000041_pre_disaster.png,little_rock_20.tif
midwest-flooding_00000042_pre_disaster.png,little_rock_21.tif
midwest-flooding_00000043_pre_disaster.png,little_rock_22.tif
midwest-flooding_00000044_pre_disaster.png,little_rock_23.tif
midwest-flooding_00000045_pre_disaster.png,little_rock_24.tif
midwest-flooding_00000046_pre_disaster.png,little_rock_25.tif
midwest-flooding_00000047_pre_disaster.png,little_rock_26.tif
midwest-flooding_00000048_pre_disaster.png,little_rock_27.tif
midwest-flooding_00000050_pre_disaster.png,little_rock_28.tif
midwest-flooding_00000051_pre_disaster.png,little_rock_29.tif
midwest-flooding_00000052_pre_disaster.png,little_rock_30.tif
midwest-flooding_00000053_pre_disaster.png,little_rock_31.tif
midwest-flooding_00000054_pre_disaster.png,little_rock_32.tif
midwest-flooding_00000055_pre_disaster.png,little_rock_33.tif
midwest-flooding_00000056_pre_disaster.png,little_rock_34.tif
midwest-flooding_00000057_pre_disaster.png,little_rock_35.tif
midwest-flooding_00000058_pre_disaster.png,little_rock_36.tif
midwest-flooding_00000059_pre_disaster.png,little_rock_37.tif
midwest-flooding_00000060_pre_disaster.png,little_rock_38.tif
midwest-flooding_00000061_pre_disaster.png,little_rock_39.tif
midwest-flooding_00000062_pre_disaster.png,little_rock_40.tif
midwest-flooding_00000063_pre_disaster.png,little_rock_41.tif
midwest-flooding_00000064_pre_disaster.png,little_rock_42.tif
midwest-flooding_00000065_pre_disaster.png,little_rock_43.tif
midwest-flooding_00000066_pre_disaster.png,little_rock_44.tif
midwest-flooding_00000067_pre_disaster.png,little_rock_45.tif
midwest-flooding_00000068_pre_disaster.png,little_rock_46.tif
midwest-flooding_00000069_pre_disaster.png,little_rock_47.tif
midwest-flooding_00000070_pre_disaster.png,little_rock_48.tif
midwest-flooding_00000071_pre_disaster.png,little_rock_49.tif
midwest-flooding_00000072_pre_disaster.png,little_rock_50.tif
mexico-earthquake_00000003_pre_disaster.png,mexico_city_1.tif
mexico-earthquake_00000006_pre_disaster.png,mexico_city_2.tif
mexico-earthquake_00000010_pre_disaster.png,mexico_city_3.tif
mexico-earthquake_00000015_pre_disaster.png,mexico_city_4.tif
mexico-earthquake_00000017_pre_disaster.png,mexico_city_5.tif
mexico-earthquake_00000023_pre_disaster.png,mexico_city_6.tif
mexico-earthquake_00000024_pre_disaster.png,mexico_city_7.tif
mexico-earthquake_00000026_pre_disaster.png,mexico_city_8.tif
mexico-earthquake_00000027_pre_disaster.png,mexico_city_9.tif
mexico-earthquake_00000029_pre_disaster.png,mexico_city_10.tif
mexico-earthquake_00000030_pre_disaster.png,mexico_city_11.tif
mexico-earthquake_00000036_pre_disaster.png,mexico_city_12.tif
mexico-earthquake_00000037_pre_disaster.png,mexico_city_13.tif
mexico-earthquake_00000038_pre_disaster.png,mexico_city_14.tif
mexico-earthquake_00000042_pre_disaster.png,mexico_city_15.tif
mexico-earthquake_00000043_pre_disaster.png,mexico_city_16.tif
mexico-earthquake_00000044_pre_disaster.png,mexico_city_17.tif
mexico-earthquake_00000048_pre_disaster.png,mexico_city_18.tif
mexico-earthquake_00000050_pre_disaster.png,mexico_city_19.tif
mexico-earthquake_00000052_pre_disaster.png,mexico_city_20.tif
mexico-earthquake_00000056_pre_disaster.png,mexico_city_21.tif
mexico-earthquake_00000059_pre_disaster.png,mexico_city_22.tif
mexico-earthquake_00000061_pre_disaster.png,mexico_city_23.tif
mexico-earthquake_00000063_pre_disaster.png,mexico_city_24.tif
mexico-earthquake_00000064_pre_disaster.png,mexico_city_25.tif
mexico-earthquake_00000067_pre_disaster.png,mexico_city_26.tif
mexico-earthquake_00000068_pre_disaster.png,mexico_city_27.tif
mexico-earthquake_00000069_pre_disaster.png,mexico_city_28.tif
mexico-earthquake_00000073_pre_disaster.png,mexico_city_29.tif
mexico-earthquake_00000079_pre_disaster.png,mexico_city_30.tif
mexico-earthquake_00000080_pre_disaster.png,mexico_city_31.tif
mexico-earthquake_00000082_pre_disaster.png,mexico_city_32.tif
mexico-earthquake_00000083_pre_disaster.png,mexico_city_33.tif
mexico-earthquake_00000085_pre_disaster.png,mexico_city_34.tif
mexico-earthquake_00000086_pre_disaster.png,mexico_city_35.tif
mexico-earthquake_00000094_pre_disaster.png,mexico_city_36.tif
mexico-earthquake_00000098_pre_disaster.png,mexico_city_37.tif
mexico-earthquake_00000100_pre_disaster.png,mexico_city_38.tif
mexico-earthquake_00000105_pre_disaster.png,mexico_city_39.tif
mexico-earthquake_00000107_pre_disaster.png,mexico_city_40.tif
mexico-earthquake_00000109_pre_disaster.png,mexico_city_41.tif
mexico-earthquake_00000111_pre_disaster.png,mexico_city_42.tif
mexico-earthquake_00000112_pre_disaster.png,mexico_city_43.tif
mexico-earthquake_00000116_pre_disaster.png,mexico_city_44.tif
mexico-earthquake_00000117_pre_disaster.png,mexico_city_45.tif
mexico-earthquake_00000118_pre_disaster.png,mexico_city_46.tif
mexico-earthquake_00000122_pre_disaster.png,mexico_city_47.tif
mexico-earthquake_00000123_pre_disaster.png,mexico_city_48.tif
mexico-earthquake_00000129_pre_disaster.png,mexico_city_49.tif
mexico-earthquake_00000130_pre_disaster.png,mexico_city_50.tif
mexico-earthquake_00000136_pre_disaster.png,mexico_city_51.tif
mexico-earthquake_00000137_pre_disaster.png,mexico_city_52.tif
mexico-earthquake_00000138_pre_disaster.png,mexico_city_53.tif
mexico-earthquake_00000139_pre_disaster.png,mexico_city_54.tif
mexico-earthquake_00000140_pre_disaster.png,mexico_city_55.tif
mexico-earthquake_00000142_pre_disaster.png,mexico_city_56.tif
mexico-earthquake_00000143_pre_disaster.png,mexico_city_57.tif
mexico-earthquake_00000144_pre_disaster.png,mexico_city_58.tif
mexico-earthquake_00000147_pre_disaster.png,mexico_city_59.tif
mexico-earthquake_00000151_pre_disaster.png,mexico_city_60.tif
mexico-earthquake_00000154_pre_disaster.png,mexico_city_61.tif
mexico-earthquake_00000157_pre_disaster.png,mexico_city_62.tif
mexico-earthquake_00000160_pre_disaster.png,mexico_city_63.tif
mexico-earthquake_00000162_pre_disaster.png,mexico_city_64.tif
mexico-earthquake_00000163_pre_disaster.png,mexico_city_65.tif
mexico-earthquake_00000173_pre_disaster.png,mexico_city_66.tif
mexico-earthquake_00000180_pre_disaster.png,mexico_city_67.tif
mexico-earthquake_00000181_pre_disaster.png,mexico_city_68.tif
mexico-earthquake_00000183_pre_disaster.png,mexico_city_69.tif
mexico-earthquake_00000185_pre_disaster.png,mexico_city_70.tif
moore-tornado_00000002_pre_disaster.png,oklahoma_1.tif
moore-tornado_00000004_pre_disaster.png,oklahoma_2.tif
moore-tornado_00000009_pre_disaster.png,oklahoma_3.tif
moore-tornado_00000023_pre_disaster.png,oklahoma_4.tif
moore-tornado_00000027_pre_disaster.png,oklahoma_5.tif
moore-tornado_00000030_pre_disaster.png,oklahoma_6.tif
moore-tornado_00000031_pre_disaster.png,oklahoma_7.tif
moore-tornado_00000035_pre_disaster.png,oklahoma_8.tif
moore-tornado_00000041_pre_disaster.png,oklahoma_9.tif
moore-tornado_00000049_pre_disaster.png,oklahoma_10.tif
moore-tornado_00000055_pre_disaster.png,oklahoma_11.tif
moore-tornado_00000057_pre_disaster.png,oklahoma_12.tif
moore-tornado_00000058_pre_disaster.png,oklahoma_13.tif
moore-tornado_00000068_pre_disaster.png,oklahoma_14.tif
moore-tornado_00000081_pre_disaster.png,oklahoma_15.tif
moore-tornado_00000086_pre_disaster.png,oklahoma_16.tif
moore-tornado_00000098_pre_disaster.png,oklahoma_17.tif
moore-tornado_00000105_pre_disaster.png,oklahoma_18.tif
moore-tornado_00000106_pre_disaster.png,oklahoma_19.tif
moore-tornado_00000111_pre_disaster.png,oklahoma_20.tif
moore-tornado_00000116_pre_disaster.png,oklahoma_21.tif
moore-tornado_00000119_pre_disaster.png,oklahoma_22.tif
moore-tornado_00000121_pre_disaster.png,oklahoma_23.tif
moore-tornado_00000127_pre_disaster.png,oklahoma_24.tif
moore-tornado_00000128_pre_disaster.png,oklahoma_25.tif
moore-tornado_00000129_pre_disaster.png,oklahoma_26.tif
moore-tornado_00000133_pre_disaster.png,oklahoma_27.tif
moore-tornado_00000135_pre_disaster.png,oklahoma_28.tif
moore-tornado_00000139_pre_disaster.png,oklahoma_29.tif
moore-tornado_00000148_pre_disaster.png,oklahoma_30.tif
moore-tornado_00000149_pre_disaster.png,oklahoma_31.tif
moore-tornado_00000155_pre_disaster.png,oklahoma_32.tif
moore-tornado_00000162_pre_disaster.png,oklahoma_33.tif
moore-tornado_00000165_pre_disaster.png,oklahoma_34.tif
moore-tornado_00000169_pre_disaster.png,oklahoma_35.tif
moore-tornado_00000172_pre_disaster.png,oklahoma_36.tif
moore-tornado_00000176_pre_disaster.png,oklahoma_37.tif
moore-tornado_00000183_pre_disaster.png,oklahoma_38.tif
moore-tornado_00000185_pre_disaster.png,oklahoma_39.tif
moore-tornado_00000187_pre_disaster.png,oklahoma_40.tif
moore-tornado_00000191_pre_disaster.png,oklahoma_41.tif
moore-tornado_00000196_pre_disaster.png,oklahoma_42.tif
moore-tornado_00000199_pre_disaster.png,oklahoma_43.tif
moore-tornado_00000201_pre_disaster.png,oklahoma_44.tif
moore-tornado_00000202_pre_disaster.png,oklahoma_45.tif
moore-tornado_00000204_pre_disaster.png,oklahoma_46.tif
moore-tornado_00000215_pre_disaster.png,oklahoma_47.tif
moore-tornado_00000219_pre_disaster.png,oklahoma_48.tif
moore-tornado_00000221_pre_disaster.png,oklahoma_49.tif
moore-tornado_00000222_pre_disaster.png,oklahoma_50.tif
palu-tsunami_00000000_pre_disaster.png,palu_1.tif
palu-tsunami_00000004_pre_disaster.png,palu_2.tif
palu-tsunami_00000005_pre_disaster.png,palu_3.tif
palu-tsunami_00000006_pre_disaster.png,palu_4.tif
palu-tsunami_00000011_pre_disaster.png,palu_5.tif
palu-tsunami_00000013_pre_disaster.png,palu_6.tif
palu-tsunami_00000017_pre_disaster.png,palu_7.tif
palu-tsunami_00000019_pre_disaster.png,palu_8.tif
palu-tsunami_00000021_pre_disaster.png,palu_9.tif
palu-tsunami_00000024_pre_disaster.png,palu_10.tif
palu-tsunami_00000030_pre_disaster.png,palu_11.tif
palu-tsunami_00000037_pre_disaster.png,palu_12.tif
palu-tsunami_00000041_pre_disaster.png,palu_13.tif
palu-tsunami_00000045_pre_disaster.png,palu_14.tif
palu-tsunami_00000048_pre_disaster.png,palu_15.tif
palu-tsunami_00000056_pre_disaster.png,palu_16.tif
palu-tsunami_00000058_pre_disaster.png,palu_17.tif
palu-tsunami_00000059_pre_disaster.png,palu_18.tif
palu-tsunami_00000062_pre_disaster.png,palu_19.tif
palu-tsunami_00000063_pre_disaster.png,palu_20.tif
palu-tsunami_00000064_pre_disaster.png,palu_21.tif
palu-tsunami_00000070_pre_disaster.png,palu_22.tif
palu-tsunami_00000073_pre_disaster.png,palu_23.tif
palu-tsunami_00000074_pre_disaster.png,palu_24.tif
palu-tsunami_00000078_pre_disaster.png,palu_25.tif
palu-tsunami_00000079_pre_disaster.png,palu_26.tif
palu-tsunami_00000081_pre_disaster.png,palu_27.tif
palu-tsunami_00000082_pre_disaster.png,palu_28.tif
palu-tsunami_00000084_pre_disaster.png,palu_29.tif
palu-tsunami_00000087_pre_disaster.png,palu_30.tif
palu-tsunami_00000089_pre_disaster.png,palu_31.tif
palu-tsunami_00000091_pre_disaster.png,palu_32.tif
palu-tsunami_00000094_pre_disaster.png,palu_33.tif
palu-tsunami_00000095_pre_disaster.png,palu_34.tif
palu-tsunami_00000096_pre_disaster.png,palu_35.tif
palu-tsunami_00000097_pre_disaster.png,palu_36.tif
palu-tsunami_00000098_pre_disaster.png,palu_37.tif
palu-tsunami_00000100_pre_disaster.png,palu_38.tif
palu-tsunami_00000105_pre_disaster.png,palu_39.tif
palu-tsunami_00000113_pre_disaster.png,palu_40.tif
palu-tsunami_00000114_pre_disaster.png,palu_41.tif
palu-tsunami_00000115_pre_disaster.png,palu_42.tif
palu-tsunami_00000117_pre_disaster.png,palu_43.tif
palu-tsunami_00000118_pre_disaster.png,palu_44.tif
palu-tsunami_00000120_pre_disaster.png,palu_45.tif
palu-tsunami_00000124_pre_disaster.png,palu_46.tif
palu-tsunami_00000125_pre_disaster.png,palu_47.tif
palu-tsunami_00000128_pre_disaster.png,palu_48.tif
palu-tsunami_00000130_pre_disaster.png,palu_49.tif
palu-tsunami_00000134_pre_disaster.png,palu_50.tif
palu-tsunami_00000137_pre_disaster.png,palu_51.tif
palu-tsunami_00000140_pre_disaster.png,palu_52.tif
palu-tsunami_00000144_pre_disaster.png,palu_53.tif
palu-tsunami_00000146_pre_disaster.png,palu_54.tif
palu-tsunami_00000147_pre_disaster.png,palu_55.tif
palu-tsunami_00000150_pre_disaster.png,palu_56.tif
palu-tsunami_00000151_pre_disaster.png,palu_57.tif
palu-tsunami_00000152_pre_disaster.png,palu_58.tif
palu-tsunami_00000159_pre_disaster.png,palu_59.tif
palu-tsunami_00000161_pre_disaster.png,palu_60.tif
palu-tsunami_00000166_pre_disaster.png,palu_61.tif
palu-tsunami_00000170_pre_disaster.png,palu_62.tif
palu-tsunami_00000173_pre_disaster.png,palu_63.tif
palu-tsunami_00000174_pre_disaster.png,palu_64.tif
palu-tsunami_00000175_pre_disaster.png,palu_65.tif
palu-tsunami_00000178_pre_disaster.png,palu_66.tif
palu-tsunami_00000179_pre_disaster.png,palu_67.tif
palu-tsunami_00000181_pre_disaster.png,palu_68.tif
palu-tsunami_00000182_pre_disaster.png,palu_69.tif
palu-tsunami_00000195_pre_disaster.png,palu_70.tif
hurricane-michael_00000001_pre_disaster.png,panama_city_1.tif
hurricane-michael_00000017_pre_disaster.png,panama_city_2.tif
hurricane-michael_00000018_pre_disaster.png,panama_city_3.tif
hurricane-michael_00000024_pre_disaster.png,panama_city_4.tif
hurricane-michael_00000045_pre_disaster.png,panama_city_5.tif
hurricane-michael_00000048_pre_disaster.png,panama_city_6.tif
hurricane-michael_00000054_pre_disaster.png,panama_city_7.tif
hurricane-michael_00000058_pre_disaster.png,panama_city_8.tif
hurricane-michael_00000069_pre_disaster.png,panama_city_9.tif
hurricane-michael_00000120_pre_disaster.png,panama_city_10.tif
hurricane-michael_00000131_pre_disaster.png,panama_city_11.tif
hurricane-michael_00000133_pre_disaster.png,panama_city_12.tif
hurricane-michael_00000135_pre_disaster.png,panama_city_13.tif
hurricane-michael_00000160_pre_disaster.png,panama_city_14.tif
hurricane-michael_00000166_pre_disaster.png,panama_city_15.tif
hurricane-michael_00000169_pre_disaster.png,panama_city_16.tif
hurricane-michael_00000175_pre_disaster.png,panama_city_17.tif
hurricane-michael_00000194_pre_disaster.png,panama_city_18.tif
hurricane-michael_00000197_pre_disaster.png,panama_city_19.tif
hurricane-michael_00000224_pre_disaster.png,panama_city_20.tif
hurricane-michael_00000229_pre_disaster.png,panama_city_21.tif
hurricane-michael_00000248_pre_disaster.png,panama_city_22.tif
hurricane-michael_00000250_pre_disaster.png,panama_city_23.tif
hurricane-michael_00000255_pre_disaster.png,panama_city_24.tif
hurricane-michael_00000261_pre_disaster.png,panama_city_25.tif
hurricane-michael_00000272_pre_disaster.png,panama_city_26.tif
hurricane-michael_00000275_pre_disaster.png,panama_city_27.tif
hurricane-michael_00000280_pre_disaster.png,panama_city_28.tif
hurricane-michael_00000308_pre_disaster.png,panama_city_29.tif
hurricane-michael_00000344_pre_disaster.png,panama_city_30.tif
hurricane-michael_00000353_pre_disaster.png,panama_city_31.tif
hurricane-michael_00000364_pre_disaster.png,panama_city_32.tif
hurricane-michael_00000388_pre_disaster.png,panama_city_33.tif
hurricane-michael_00000399_pre_disaster.png,panama_city_34.tif
hurricane-michael_00000435_pre_disaster.png,panama_city_35.tif
hurricane-michael_00000442_pre_disaster.png,panama_city_36.tif
hurricane-michael_00000448_pre_disaster.png,panama_city_37.tif
hurricane-michael_00000459_pre_disaster.png,panama_city_38.tif
hurricane-michael_00000464_pre_disaster.png,panama_city_39.tif
hurricane-michael_00000473_pre_disaster.png,panama_city_40.tif
hurricane-michael_00000484_pre_disaster.png,panama_city_41.tif
hurricane-michael_00000491_pre_disaster.png,panama_city_42.tif
hurricane-michael_00000502_pre_disaster.png,panama_city_43.tif
hurricane-michael_00000503_pre_disaster.png,panama_city_44.tif
hurricane-michael_00000504_pre_disaster.png,panama_city_45.tif
hurricane-michael_00000521_pre_disaster.png,panama_city_46.tif
hurricane-michael_00000527_pre_disaster.png,panama_city_47.tif
hurricane-michael_00000533_pre_disaster.png,panama_city_48.tif
hurricane-michael_00000536_pre_disaster.png,panama_city_49.tif
hurricane-michael_00000548_pre_disaster.png,panama_city_50.tif
portugal-wildfire_00000046_pre_disaster.png,pedrogao_grande_1.tif
portugal-wildfire_00000052_pre_disaster.png,pedrogao_grande_2.tif
portugal-wildfire_00000068_pre_disaster.png,pedrogao_grande_3.tif
portugal-wildfire_00000080_pre_disaster.png,pedrogao_grande_4.tif
portugal-wildfire_00000081_pre_disaster.png,pedrogao_grande_5.tif
portugal-wildfire_00000148_pre_disaster.png,pedrogao_grande_6.tif
portugal-wildfire_00000156_pre_disaster.png,pedrogao_grande_7.tif
portugal-wildfire_00000174_pre_disaster.png,pedrogao_grande_8.tif
portugal-wildfire_00000191_pre_disaster.png,pedrogao_grande_9.tif
portugal-wildfire_00000215_pre_disaster.png,pedrogao_grande_10.tif
portugal-wildfire_00000226_pre_disaster.png,pedrogao_grande_11.tif
portugal-wildfire_00000237_pre_disaster.png,pedrogao_grande_12.tif
portugal-wildfire_00000259_pre_disaster.png,pedrogao_grande_13.tif
portugal-wildfire_00000267_pre_disaster.png,pedrogao_grande_14.tif
portugal-wildfire_00000274_pre_disaster.png,pedrogao_grande_15.tif
portugal-wildfire_00000287_pre_disaster.png,pedrogao_grande_16.tif
portugal-wildfire_00000296_pre_disaster.png,pedrogao_grande_17.tif
portugal-wildfire_00000309_pre_disaster.png,pedrogao_grande_18.tif
portugal-wildfire_00000353_pre_disaster.png,pedrogao_grande_19.tif
portugal-wildfire_00000356_pre_disaster.png,pedrogao_grande_20.tif
portugal-wildfire_00000483_pre_disaster.png,pedrogao_grande_21.tif
portugal-wildfire_00000497_pre_disaster.png,pedrogao_grande_22.tif
portugal-wildfire_00000500_pre_disaster.png,pedrogao_grande_23.tif
portugal-wildfire_00000535_pre_disaster.png,pedrogao_grande_24.tif
portugal-wildfire_00000561_pre_disaster.png,pedrogao_grande_25.tif
portugal-wildfire_00000580_pre_disaster.png,pedrogao_grande_26.tif
portugal-wildfire_00000588_pre_disaster.png,pedrogao_grande_27.tif
portugal-wildfire_00000592_pre_disaster.png,pedrogao_grande_28.tif
portugal-wildfire_00000643_pre_disaster.png,pedrogao_grande_29.tif
portugal-wildfire_00000679_pre_disaster.png,pedrogao_grande_30.tif
portugal-wildfire_00000683_pre_disaster.png,pedrogao_grande_31.tif
portugal-wildfire_00000728_pre_disaster.png,pedrogao_grande_32.tif
portugal-wildfire_00000747_pre_disaster.png,pedrogao_grande_33.tif
portugal-wildfire_00000749_pre_disaster.png,pedrogao_grande_34.tif
portugal-wildfire_00000757_pre_disaster.png,pedrogao_grande_35.tif
portugal-wildfire_00000767_pre_disaster.png,pedrogao_grande_36.tif
portugal-wildfire_00000771_pre_disaster.png,pedrogao_grande_37.tif
portugal-wildfire_00000773_pre_disaster.png,pedrogao_grande_38.tif
portugal-wildfire_00000786_pre_disaster.png,pedrogao_grande_39.tif
portugal-wildfire_00000795_pre_disaster.png,pedrogao_grande_40.tif
portugal-wildfire_00000887_pre_disaster.png,pedrogao_grande_41.tif
portugal-wildfire_00000907_pre_disaster.png,pedrogao_grande_42.tif
portugal-wildfire_00000956_pre_disaster.png,pedrogao_grande_43.tif
portugal-wildfire_00001026_pre_disaster.png,pedrogao_grande_44.tif
portugal-wildfire_00001033_pre_disaster.png,pedrogao_grande_45.tif
portugal-wildfire_00001039_pre_disaster.png,pedrogao_grande_46.tif
portugal-wildfire_00001073_pre_disaster.png,pedrogao_grande_47.tif
portugal-wildfire_00001098_pre_disaster.png,pedrogao_grande_48.tif
portugal-wildfire_00001101_pre_disaster.png,pedrogao_grande_49.tif
portugal-wildfire_00001167_pre_disaster.png,pedrogao_grande_50.tif
portugal-wildfire_00001182_pre_disaster.png,pedrogao_grande_51.tif
portugal-wildfire_00001230_pre_disaster.png,pedrogao_grande_52.tif
portugal-wildfire_00001275_pre_disaster.png,pedrogao_grande_53.tif
portugal-wildfire_00001341_pre_disaster.png,pedrogao_grande_54.tif
portugal-wildfire_00001349_pre_disaster.png,pedrogao_grande_55.tif
portugal-wildfire_00001354_pre_disaster.png,pedrogao_grande_56.tif
portugal-wildfire_00001399_pre_disaster.png,pedrogao_grande_57.tif
portugal-wildfire_00001426_pre_disaster.png,pedrogao_grande_58.tif
portugal-wildfire_00001447_pre_disaster.png,pedrogao_grande_59.tif
portugal-wildfire_00001509_pre_disaster.png,pedrogao_grande_60.tif
portugal-wildfire_00001560_pre_disaster.png,pedrogao_grande_61.tif
portugal-wildfire_00001579_pre_disaster.png,pedrogao_grande_62.tif
portugal-wildfire_00001604_pre_disaster.png,pedrogao_grande_63.tif
portugal-wildfire_00001626_pre_disaster.png,pedrogao_grande_64.tif
portugal-wildfire_00001663_pre_disaster.png,pedrogao_grande_65.tif
portugal-wildfire_00001673_pre_disaster.png,pedrogao_grande_66.tif
portugal-wildfire_00001711_pre_disaster.png,pedrogao_grande_67.tif
portugal-wildfire_00001722_pre_disaster.png,pedrogao_grande_68.tif
portugal-wildfire_00001732_pre_disaster.png,pedrogao_grande_69.tif
portugal-wildfire_00001792_pre_disaster.png,pedrogao_grande_70.tif
hurricane-matthew_00000376_pre_disaster.png,port_a_piment_1.tif
hurricane-matthew_00000378_pre_disaster.png,port_a_piment_2.tif
hurricane-matthew_00000379_pre_disaster.png,port_a_piment_3.tif
hurricane-matthew_00000382_pre_disaster.png,port_a_piment_4.tif
hurricane-matthew_00000384_pre_disaster.png,port_a_piment_5.tif
hurricane-matthew_00000391_pre_disaster.png,port_a_piment_6.tif
hurricane-matthew_00000392_pre_disaster.png,port_a_piment_7.tif
hurricane-matthew_00000394_pre_disaster.png,port_a_piment_8.tif
hurricane-matthew_00000396_pre_disaster.png,port_a_piment_9.tif
hurricane-matthew_00000397_pre_disaster.png,port_a_piment_10.tif
hurricane-matthew_00000290_pre_disaster.png,saint_louis_du_sud_1.tif
hurricane-matthew_00000293_pre_disaster.png,saint_louis_du_sud_2.tif
hurricane-matthew_00000295_pre_disaster.png,saint_louis_du_sud_3.tif
hurricane-matthew_00000297_pre_disaster.png,saint_louis_du_sud_4.tif
hurricane-matthew_00000301_pre_disaster.png,saint_louis_du_sud_5.tif
hurricane-matthew_00000302_pre_disaster.png,saint_louis_du_sud_6.tif
hurricane-matthew_00000304_pre_disaster.png,saint_louis_du_sud_7.tif
hurricane-matthew_00000306_pre_disaster.png,saint_louis_du_sud_8.tif
hurricane-matthew_00000308_pre_disaster.png,saint_louis_du_sud_9.tif
hurricane-matthew_00000311_pre_disaster.png,saint_louis_du_sud_10.tif
hurricane-matthew_00000313_pre_disaster.png,saint_louis_du_sud_11.tif
hurricane-matthew_00000350_pre_disaster.png,saint_louis_du_sud_12.tif
hurricane-matthew_00000353_pre_disaster.png,saint_louis_du_sud_13.tif
hurricane-matthew_00000356_pre_disaster.png,saint_louis_du_sud_14.tif
hurricane-matthew_00000360_pre_disaster.png,saint_louis_du_sud_15.tif
hurricane-matthew_00000364_pre_disaster.png,saint_louis_du_sud_16.tif
hurricane-matthew_00000365_pre_disaster.png,saint_louis_du_sud_17.tif
hurricane-matthew_00000367_pre_disaster.png,saint_louis_du_sud_18.tif
hurricane-matthew_00000371_pre_disaster.png,saint_louis_du_sud_19.tif
hurricane-matthew_00000373_pre_disaster.png,saint_louis_du_sud_20.tif
santa-rosa-wildfire_00000003_pre_disaster.png,santa_rosa_1.tif
santa-rosa-wildfire_00000006_pre_disaster.png,santa_rosa_2.tif
santa-rosa-wildfire_00000016_pre_disaster.png,santa_rosa_3.tif
santa-rosa-wildfire_00000021_pre_disaster.png,santa_rosa_4.tif
santa-rosa-wildfire_00000026_pre_disaster.png,santa_rosa_5.tif
santa-rosa-wildfire_00000037_pre_disaster.png,santa_rosa_6.tif
santa-rosa-wildfire_00000040_pre_disaster.png,santa_rosa_7.tif
santa-rosa-wildfire_00000045_pre_disaster.png,santa_rosa_8.tif
santa-rosa-wildfire_00000066_pre_disaster.png,santa_rosa_9.tif
santa-rosa-wildfire_00000074_pre_disaster.png,santa_rosa_10.tif
santa-rosa-wildfire_00000079_pre_disaster.png,santa_rosa_11.tif
santa-rosa-wildfire_00000085_pre_disaster.png,santa_rosa_12.tif
santa-rosa-wildfire_00000110_pre_disaster.png,santa_rosa_13.tif
santa-rosa-wildfire_00000111_pre_disaster.png,santa_rosa_14.tif
santa-rosa-wildfire_00000128_pre_disaster.png,santa_rosa_15.tif
santa-rosa-wildfire_00000141_pre_disaster.png,santa_rosa_16.tif
santa-rosa-wildfire_00000149_pre_disaster.png,santa_rosa_17.tif
santa-rosa-wildfire_00000156_pre_disaster.png,santa_rosa_18.tif
santa-rosa-wildfire_00000166_pre_disaster.png,santa_rosa_19.tif
santa-rosa-wildfire_00000168_pre_disaster.png,santa_rosa_20.tif
santa-rosa-wildfire_00000176_pre_disaster.png,santa_rosa_21.tif
santa-rosa-wildfire_00000185_pre_disaster.png,santa_rosa_22.tif
santa-rosa-wildfire_00000196_pre_disaster.png,santa_rosa_23.tif
santa-rosa-wildfire_00000213_pre_disaster.png,santa_rosa_24.tif
santa-rosa-wildfire_00000215_pre_disaster.png,santa_rosa_25.tif
santa-rosa-wildfire_00000216_pre_disaster.png,santa_rosa_26.tif
santa-rosa-wildfire_00000221_pre_disaster.png,santa_rosa_27.tif
santa-rosa-wildfire_00000222_pre_disaster.png,santa_rosa_28.tif
santa-rosa-wildfire_00000231_pre_disaster.png,santa_rosa_29.tif
santa-rosa-wildfire_00000248_pre_disaster.png,santa_rosa_30.tif
santa-rosa-wildfire_00000260_pre_disaster.png,santa_rosa_31.tif
santa-rosa-wildfire_00000265_pre_disaster.png,santa_rosa_32.tif
santa-rosa-wildfire_00000267_pre_disaster.png,santa_rosa_33.tif
santa-rosa-wildfire_00000275_pre_disaster.png,santa_rosa_34.tif
santa-rosa-wildfire_00000280_pre_disaster.png,santa_rosa_35.tif
santa-rosa-wildfire_00000281_pre_disaster.png,santa_rosa_36.tif
santa-rosa-wildfire_00000284_pre_disaster.png,santa_rosa_37.tif
santa-rosa-wildfire_00000298_pre_disaster.png,santa_rosa_38.tif
santa-rosa-wildfire_00000300_pre_disaster.png,santa_rosa_39.tif
santa-rosa-wildfire_00000304_pre_disaster.png,santa_rosa_40.tif
santa-rosa-wildfire_00000307_pre_disaster.png,santa_rosa_41.tif
santa-rosa-wildfire_00000310_pre_disaster.png,santa_rosa_42.tif
santa-rosa-wildfire_00000328_pre_disaster.png,santa_rosa_43.tif
santa-rosa-wildfire_00000351_pre_disaster.png,santa_rosa_44.tif
santa-rosa-wildfire_00000355_pre_disaster.png,santa_rosa_45.tif
santa-rosa-wildfire_00000357_pre_disaster.png,santa_rosa_46.tif
santa-rosa-wildfire_00000360_pre_disaster.png,santa_rosa_47.tif
santa-rosa-wildfire_00000368_pre_disaster.png,santa_rosa_48.tif
santa-rosa-wildfire_00000371_pre_disaster.png,santa_rosa_49.tif
santa-rosa-wildfire_00000375_pre_disaster.png,santa_rosa_50.tif
socal-fire_00000016_pre_disaster.png,thousand_oaks_1.tif
socal-fire_00000031_pre_disaster.png,thousand_oaks_2.tif
socal-fire_00000099_pre_disaster.png,thousand_oaks_3.tif
socal-fire_00000111_pre_disaster.png,thousand_oaks_4.tif
socal-fire_00000126_pre_disaster.png,thousand_oaks_5.tif
socal-fire_00000133_pre_disaster.png,thousand_oaks_6.tif
socal-fire_00000144_pre_disaster.png,thousand_oaks_7.tif
socal-fire_00000215_pre_disaster.png,thousand_oaks_8.tif
socal-fire_00000227_pre_disaster.png,thousand_oaks_9.tif
socal-fire_00000240_pre_disaster.png,thousand_oaks_10.tif
socal-fire_00000252_pre_disaster.png,thousand_oaks_11.tif
socal-fire_00000348_pre_disaster.png,thousand_oaks_12.tif
socal-fire_00000392_pre_disaster.png,thousand_oaks_13.tif
socal-fire_00000469_pre_disaster.png,thousand_oaks_14.tif
socal-fire_00000484_pre_disaster.png,thousand_oaks_15.tif
socal-fire_00000490_pre_disaster.png,thousand_oaks_16.tif
socal-fire_00000530_pre_disaster.png,thousand_oaks_17.tif
socal-fire_00000540_pre_disaster.png,thousand_oaks_18.tif
socal-fire_00000542_pre_disaster.png,thousand_oaks_19.tif
socal-fire_00000595_pre_disaster.png,thousand_oaks_20.tif
socal-fire_00000621_pre_disaster.png,thousand_oaks_21.tif
socal-fire_00000644_pre_disaster.png,thousand_oaks_22.tif
socal-fire_00000651_pre_disaster.png,thousand_oaks_23.tif
socal-fire_00000658_pre_disaster.png,thousand_oaks_24.tif
socal-fire_00000733_pre_disaster.png,thousand_oaks_25.tif
socal-fire_00000752_pre_disaster.png,thousand_oaks_26.tif
socal-fire_00000756_pre_disaster.png,thousand_oaks_27.tif
socal-fire_00000763_pre_disaster.png,thousand_oaks_28.tif
socal-fire_00000796_pre_disaster.png,thousand_oaks_29.tif
socal-fire_00000806_pre_disaster.png,thousand_oaks_30.tif
socal-fire_00000809_pre_disaster.png,thousand_oaks_31.tif
socal-fire_00000826_pre_disaster.png,thousand_oaks_32.tif
socal-fire_00000832_pre_disaster.png,thousand_oaks_33.tif
socal-fire_00000840_pre_disaster.png,thousand_oaks_34.tif
socal-fire_00000856_pre_disaster.png,thousand_oaks_35.tif
socal-fire_00000951_pre_disaster.png,thousand_oaks_36.tif
socal-fire_00000974_pre_disaster.png,thousand_oaks_37.tif
socal-fire_00001048_pre_disaster.png,thousand_oaks_38.tif
socal-fire_00001051_pre_disaster.png,thousand_oaks_39.tif
socal-fire_00001097_pre_disaster.png,thousand_oaks_40.tif
socal-fire_00001173_pre_disaster.png,thousand_oaks_41.tif
socal-fire_00001193_pre_disaster.png,thousand_oaks_42.tif
socal-fire_00001203_pre_disaster.png,thousand_oaks_43.tif
socal-fire_00001206_pre_disaster.png,thousand_oaks_44.tif
socal-fire_00001210_pre_disaster.png,thousand_oaks_45.tif
socal-fire_00001233_pre_disaster.png,thousand_oaks_46.tif
socal-fire_00001251_pre_disaster.png,thousand_oaks_47.tif
socal-fire_00001272_pre_disaster.png,thousand_oaks_48.tif
socal-fire_00001323_pre_disaster.png,thousand_oaks_49.tif
socal-fire_00001364_pre_disaster.png,thousand_oaks_50.tif
midwest-flooding_00000030_pre_disaster.png,tulsa_1.tif
midwest-flooding_00000088_pre_disaster.png,tulsa_2.tif
midwest-flooding_00000096_pre_disaster.png,tulsa_3.tif
midwest-flooding_00000113_pre_disaster.png,tulsa_4.tif
midwest-flooding_00000117_pre_disaster.png,tulsa_5.tif
midwest-flooding_00000128_pre_disaster.png,tulsa_6.tif
midwest-flooding_00000147_pre_disaster.png,tulsa_7.tif
midwest-flooding_00000165_pre_disaster.png,tulsa_8.tif
midwest-flooding_00000170_pre_disaster.png,tulsa_9.tif
midwest-flooding_00000172_pre_disaster.png,tulsa_10.tif
midwest-flooding_00000175_pre_disaster.png,tulsa_11.tif
midwest-flooding_00000176_pre_disaster.png,tulsa_12.tif
midwest-flooding_00000178_pre_disaster.png,tulsa_13.tif
midwest-flooding_00000204_pre_disaster.png,tulsa_14.tif
midwest-flooding_00000215_pre_disaster.png,tulsa_15.tif
midwest-flooding_00000226_pre_disaster.png,tulsa_16.tif
midwest-flooding_00000234_pre_disaster.png,tulsa_17.tif
midwest-flooding_00000244_pre_disaster.png,tulsa_18.tif
midwest-flooding_00000256_pre_disaster.png,tulsa_19.tif
midwest-flooding_00000269_pre_disaster.png,tulsa_20.tif
midwest-flooding_00000274_pre_disaster.png,tulsa_21.tif
midwest-flooding_00000278_pre_disaster.png,tulsa_22.tif
midwest-flooding_00000290_pre_disaster.png,tulsa_23.tif
midwest-flooding_00000293_pre_disaster.png,tulsa_24.tif
midwest-flooding_00000307_pre_disaster.png,tulsa_25.tif
midwest-flooding_00000319_pre_disaster.png,tulsa_26.tif
midwest-flooding_00000340_pre_disaster.png,tulsa_27.tif
midwest-flooding_00000354_pre_disaster.png,tulsa_28.tif
midwest-flooding_00000355_pre_disaster.png,tulsa_29.tif
midwest-flooding_00000361_pre_disaster.png,tulsa_30.tif
midwest-flooding_00000362_pre_disaster.png,tulsa_31.tif
midwest-flooding_00000366_pre_disaster.png,tulsa_32.tif
midwest-flooding_00000367_pre_disaster.png,tulsa_33.tif
midwest-flooding_00000370_pre_disaster.png,tulsa_34.tif
midwest-flooding_00000373_pre_disaster.png,tulsa_35.tif
midwest-flooding_00000385_pre_disaster.png,tulsa_36.tif
midwest-flooding_00000390_pre_disaster.png,tulsa_37.tif
midwest-flooding_00000393_pre_disaster.png,tulsa_38.tif
midwest-flooding_00000395_pre_disaster.png,tulsa_39.tif
midwest-flooding_00000397_pre_disaster.png,tulsa_40.tif
midwest-flooding_00000408_pre_disaster.png,tulsa_41.tif
midwest-flooding_00000409_pre_disaster.png,tulsa_42.tif
midwest-flooding_00000411_pre_disaster.png,tulsa_43.tif
midwest-flooding_00000414_pre_disaster.png,tulsa_44.tif
midwest-flooding_00000424_pre_disaster.png,tulsa_45.tif
midwest-flooding_00000434_pre_disaster.png,tulsa_46.tif
midwest-flooding_00000437_pre_disaster.png,tulsa_47.tif
midwest-flooding_00000439_pre_disaster.png,tulsa_48.tif
midwest-flooding_00000442_pre_disaster.png,tulsa_49.tif
midwest-flooding_00000444_pre_disaster.png,tulsa_50.tif
tuscaloosa-tornado_00000007_pre_disaster.png,tuscaloosa_1.tif
tuscaloosa-tornado_00000011_pre_disaster.png,tuscaloosa_2.tif
tuscaloosa-tornado_00000019_pre_disaster.png,tuscaloosa_3.tif
tuscaloosa-tornado_00000022_pre_disaster.png,tuscaloosa_4.tif
tuscaloosa-tornado_00000023_pre_disaster.png,tuscaloosa_5.tif
tuscaloosa-tornado_00000027_pre_disaster.png,tuscaloosa_6.tif
tuscaloosa-tornado_00000028_pre_disaster.png,tuscaloosa_7.tif
tuscaloosa-tornado_00000036_pre_disaster.png,tuscaloosa_8.tif
tuscaloosa-tornado_00000042_pre_disaster.png,tuscaloosa_9.tif
tuscaloosa-tornado_00000053_pre_disaster.png,tuscaloosa_10.tif
tuscaloosa-tornado_00000062_pre_disaster.png,tuscaloosa_11.tif
tuscaloosa-tornado_00000073_pre_disaster.png,tuscaloosa_12.tif
tuscaloosa-tornado_00000078_pre_disaster.png,tuscaloosa_13.tif
tuscaloosa-tornado_00000092_pre_disaster.png,tuscaloosa_14.tif
tuscaloosa-tornado_00000098_pre_disaster.png,tuscaloosa_15.tif
tuscaloosa-tornado_00000099_pre_disaster.png,tuscaloosa_16.tif
tuscaloosa-tornado_00000103_pre_disaster.png,tuscaloosa_17.tif
tuscaloosa-tornado_00000121_pre_disaster.png,tuscaloosa_18.tif
tuscaloosa-tornado_00000128_pre_disaster.png,tuscaloosa_19.tif
tuscaloosa-tornado_00000133_pre_disaster.png,tuscaloosa_20.tif
tuscaloosa-tornado_00000154_pre_disaster.png,tuscaloosa_21.tif
tuscaloosa-tornado_00000159_pre_disaster.png,tuscaloosa_22.tif
tuscaloosa-tornado_00000161_pre_disaster.png,tuscaloosa_23.tif
tuscaloosa-tornado_00000163_pre_disaster.png,tuscaloosa_24.tif
tuscaloosa-tornado_00000169_pre_disaster.png,tuscaloosa_25.tif
tuscaloosa-tornado_00000171_pre_disaster.png,tuscaloosa_26.tif
tuscaloosa-tornado_00000175_pre_disaster.png,tuscaloosa_27.tif
tuscaloosa-tornado_00000179_pre_disaster.png,tuscaloosa_28.tif
tuscaloosa-tornado_00000182_pre_disaster.png,tuscaloosa_29.tif
tuscaloosa-tornado_00000183_pre_disaster.png,tuscaloosa_30.tif
tuscaloosa-tornado_00000197_pre_disaster.png,tuscaloosa_31.tif
tuscaloosa-tornado_00000210_pre_disaster.png,tuscaloosa_32.tif
tuscaloosa-tornado_00000219_pre_disaster.png,tuscaloosa_33.tif
tuscaloosa-tornado_00000238_pre_disaster.png,tuscaloosa_34.tif
tuscaloosa-tornado_00000239_pre_disaster.png,tuscaloosa_35.tif
tuscaloosa-tornado_00000242_pre_disaster.png,tuscaloosa_36.tif
tuscaloosa-tornado_00000246_pre_disaster.png,tuscaloosa_37.tif
tuscaloosa-tornado_00000273_pre_disaster.png,tuscaloosa_38.tif
tuscaloosa-tornado_00000275_pre_disaster.png,tuscaloosa_39.tif
tuscaloosa-tornado_00000303_pre_disaster.png,tuscaloosa_40.tif
tuscaloosa-tornado_00000305_pre_disaster.png,tuscaloosa_41.tif
tuscaloosa-tornado_00000309_pre_disaster.png,tuscaloosa_42.tif
tuscaloosa-tornado_00000310_pre_disaster.png,tuscaloosa_43.tif
tuscaloosa-tornado_00000312_pre_disaster.png,tuscaloosa_44.tif
tuscaloosa-tornado_00000316_pre_disaster.png,tuscaloosa_45.tif
tuscaloosa-tornado_00000318_pre_disaster.png,tuscaloosa_46.tif
tuscaloosa-tornado_00000320_pre_disaster.png,tuscaloosa_47.tif
tuscaloosa-tornado_00000333_pre_disaster.png,tuscaloosa_48.tif
tuscaloosa-tornado_00000339_pre_disaster.png,tuscaloosa_49.tif
tuscaloosa-tornado_00000341_pre_disaster.png,tuscaloosa_50.tif
hurricane-florence_00000005_pre_disaster.png,wallace_1.tif
hurricane-florence_00000009_pre_disaster.png,wallace_2.tif
hurricane-florence_00000011_pre_disaster.png,wallace_3.tif
hurricane-florence_00000017_pre_disaster.png,wallace_4.tif
hurricane-florence_00000019_pre_disaster.png,wallace_5.tif
hurricane-florence_00000021_pre_disaster.png,wallace_6.tif
hurricane-florence_00000033_pre_disaster.png,wallace_7.tif
hurricane-florence_00000046_pre_disaster.png,wallace_8.tif
hurricane-florence_00000065_pre_disaster.png,wallace_9.tif
hurricane-florence_00000086_pre_disaster.png,wallace_10.tif
hurricane-florence_00000087_pre_disaster.png,wallace_11.tif
hurricane-florence_00000096_pre_disaster.png,wallace_12.tif
hurricane-florence_00000107_pre_disaster.png,wallace_13.tif
hurricane-florence_00000117_pre_disaster.png,wallace_14.tif
hurricane-florence_00000122_pre_disaster.png,wallace_15.tif
hurricane-florence_00000125_pre_disaster.png,wallace_16.tif
hurricane-florence_00000131_pre_disaster.png,wallace_17.tif
hurricane-florence_00000137_pre_disaster.png,wallace_18.tif
hurricane-florence_00000148_pre_disaster.png,wallace_19.tif
hurricane-florence_00000154_pre_disaster.png,wallace_20.tif
hurricane-florence_00000171_pre_disaster.png,wallace_21.tif
hurricane-florence_00000175_pre_disaster.png,wallace_22.tif
hurricane-florence_00000200_pre_disaster.png,wallace_23.tif
hurricane-florence_00000227_pre_disaster.png,wallace_24.tif
hurricane-florence_00000237_pre_disaster.png,wallace_25.tif
hurricane-florence_00000246_pre_disaster.png,wallace_26.tif
hurricane-florence_00000249_pre_disaster.png,wallace_27.tif
hurricane-florence_00000253_pre_disaster.png,wallace_28.tif
hurricane-florence_00000265_pre_disaster.png,wallace_29.tif
hurricane-florence_00000275_pre_disaster.png,wallace_30.tif
hurricane-florence_00000314_pre_disaster.png,wallace_31.tif
hurricane-florence_00000349_pre_disaster.png,wallace_32.tif
hurricane-florence_00000352_pre_disaster.png,wallace_33.tif
hurricane-florence_00000368_pre_disaster.png,wallace_34.tif
hurricane-florence_00000374_pre_disaster.png,wallace_35.tif
hurricane-florence_00000409_pre_disaster.png,wallace_36.tif
hurricane-florence_00000418_pre_disaster.png,wallace_37.tif
hurricane-florence_00000421_pre_disaster.png,wallace_38.tif
hurricane-florence_00000460_pre_disaster.png,wallace_39.tif
hurricane-florence_00000465_pre_disaster.png,wallace_40.tif
hurricane-florence_00000479_pre_disaster.png,wallace_41.tif
hurricane-florence_00000481_pre_disaster.png,wallace_42.tif
hurricane-florence_00000489_pre_disaster.png,wallace_43.tif
hurricane-florence_00000492_pre_disaster.png,wallace_44.tif
hurricane-florence_00000494_pre_disaster.png,wallace_45.tif
hurricane-florence_00000514_pre_disaster.png,wallace_46.tif
hurricane-florence_00000525_pre_disaster.png,wallace_47.tif
hurricane-florence_00000526_pre_disaster.png,wallace_48.tif
hurricane-florence_00000532_pre_disaster.png,wallace_49.tif
hurricane-florence_00000539_pre_disaster.png,wallace_50.tif
